"Antwort ID","Datum Abgeschickt","Letzte Seite","Start-Sprache","Zufallsstartwert","Datum gestartet","Datum letzte Aktivität","Welcher Einrichtungsart gehört Ihre Institution an?","In welcher Form verwaltet Ihre Einrichtung die Kontaktdaten der IT-Ansprechpartner:Innen für die IT-Systeme?","Beschreiben Sie bitte kurz den aktuellen Prozess (am Besten mit Hinweis auf verwendete Softwarelösungen), wie Sie die entsprechenden IT-Verantwortlichen für einen Bericht identifizieren. ","Sind in der verwendeten Informationsquelle auch Mailadressen der Ansprechpartner:Innen enthalten ?(Dies wäre wichtig für uns zu wissen, da wir gerne eine Mail-basierte Verarbeitung anbieten möchten)","Wie leiten Sie aktuell die Schwachstellenberichte weiter?","Erläutern Sie bitte kurz, wie Sie die Berichte weiterleiten","Welchen Herausforderungen oder Schwierigkeiten begegnen Ihnen dabei?  ","Können Sie sich vorstellen, den Verteilserver für Berichte einzusetzen?  ","Können Sie sich vorstellen, das Management-Dashboard für die Schwachstellenberichte einzusetzen?   ","Haben Sie sonstige Anmerkungen zu den angestrebten Lösungen? Vermissen Sie beispielsweise wichtige Funktionen?  "
"12",,,"de","213047712","2025-08-05 12:40:52","2025-08-05 12:40:52",,,,,,,,,,
"13",,"1","de","1484573089","2025-08-05 12:41:07","2025-08-05 12:41:11","Nicht-universitäre Hochschule",,,,,,,,,
"14","2025-08-05 12:49:48","3","de","751550115","2025-08-05 12:44:43","2025-08-05 12:49:48","Nicht-universitäre Hochschule","Gar nicht","IT-Abteilung besteht nur aus drei Personen. Hier ist jeder teilweise für alle Systeme verantwortlich (zwecks Vertreterregelung).","Nein","Manuell","Per E-Mail an das Ticketsystem der Hochschule.","Je nach Urlaubszeit etc. die zeitnahe Bearbeitung.","Eher ja","Eher ja","Die Übersicht der Greenbone Scans ist immer sehr mangelhaft. Auch der Zusammenhang zu den Schwachstellen und den Assets im ISMS ist nicht wirklich gegeben, wodurch das ISMS via HiScout zu einem reinen ""Papierdokument"" nach dem Motto - Man muss es halt machen - wird."
"15",,"1","de","1266171217","2025-08-05 14:00:25","2025-08-05 14:00:30","Nicht-universitäre Hochschule",,,,,,,,,
"16","2025-08-05 14:53:42","3","de","1169067281","2025-08-05 14:04:58","2025-08-05 14:53:42","Nicht-universitäre Hochschule","Sonstiges","Wir nutzen Greenbone, ich trage in den Hosts als Kommentar momentan den Verantwortlichen für den Server ein, sodass ich es das nächste Mal direkt sehe

Um die Verantwortlichen zu identifizieren nutze ich die db-datei des Netzwerk-Admins/VM-Admin.Beim erstellen der VM / Eintrag in den DNS wird hier der Verantwortlichen oder die Ticketnummer zu unserem Ticketsystem eintragen, in dem die VM angefragt wurde. Wenn das veraltet oder nicht vorhanden ist, muss ich nachfragen, bis ich die Person gefunden habe. Anhand vom Subnetz kann meistens zumindest die Fakultät oder das Labor identifiziert werden.","Nein","Manuell","wenn ich den verantwortlichen gefunden habe, leite ich die Berichte per Mail weiter.
Mitarbeiter aus der Campus IT können teilweise auch selbst auf den Scanner zugreifen und werden per Chat benachrichtigt","Greenbone ist etwas umständlich.
Das Ausfindigmachen von Verantwortlichen kann teilweise lange dauern, vor allem durch fehlende Einträge und Personalfluktation","Eher ja","Eher ja","mailserver selbst könnte bei uns schwierig werden, da wir google workspace nutzen.

Das ganze müsste also eventuell per Link funktionieren (download) oder mit anmelden (bei uns ldap)

würde mich aber sicherlich über eine Lösung freuen, die den Prozess vereinfacht"
"17",,"1","de","299637480","2025-08-05 14:13:37","2025-08-05 14:13:54","Nicht-universitäre Hochschule",,,,,,,,,
"18","2025-08-05 15:02:44","3","de","586411239","2025-08-05 14:48:02","2025-08-05 15:02:44","Universität","Sonstiges","Der Prozess [sic!] ist sehr unterschiedlich, je nachdem wo ein System betrieben wird. Für DNS/DHCP/IPAM nutzen wir Infoblox. Allerdings werden IT-Verantwortlichkeiten nicht stringent erfasst; es hängt vom Eintragenden ab, dass derjenige entsprechen Kommentare einträgt. In der Public-Virtualisierung gibt es ein Antragsverfahren, in dem Antragsteller (inhaltlich verantwortlich) und technischen Ansprechpartner/IT-Betreuung angegeben werden muss. Die Dokumentation findet sowohl in der Virtualisierungsumgebung als auch banal via Excel statt. In der Verwaltungs-Virtualisierung kennt man die Kollegenen, die für einzelne Dienste verantwortlich sind; eine ""formale"" Dokumentation ist mir nicht bekannt. ","Nein","Manuell","Durch mühsame Recherche, wer der inhaltlich/technisch Verantwortliche ist. Es gibt noch eine Dokumentation mit Netzwerkbereichen und einer groben Zuordnung zu Fakultäten, Einrichtungen etc. Diese ist aber sehr grob und lässt die inhaltlich Verantwortlichen außen vor. Im besten Fall erwischt man jemanden, der sich zuständig fühlt; im schlechtesten Fall ist eine Person dokumentiert, die gar nicht mehr lebt. ","Es fehlt eine akkurate Dokumentation der inhaltlich und technischen Verantwortlichen. Im Bereich der Virtualisierung bräuchte es z.B. einen jährlichen Prozess, bei dem die inhaltlich und technisch Verantwortlichen ihre Rolle bestätigen müssen + eine gewisse Eskalation, wenn die Bestätigung ausbleibt.
Die Weiterleitung von Berichten kann dann per E-Mail geschehen oder über einen on-premise Group-Server. Letzteres lässt sich systematisch nur einsetzen, wenn man für größere Netzbereiche oder - eigentlich besser - auf Fakultäts- und Institutsebene Verantwortliche Personen zum Empfang der Ergebnisse festgelegt hat. ","Eher ja","Eher ja","Muss man sich anschauen. Vermutlich wird man durch die Benutzung auf weitere Bedarfe stoßen (aka ""Feature Reqest""), z.B. wird man irgendwann spezifischere Views haben wollen (hab' da aber auch nicht mehr in Erinnerung, was da bereits in der Umsetzung ist). Die vorgestellte Richtung scheint mir wirklich eine Unterstützung beim Schwachstellenmanagement zu sein. "
"19",,"1","de","1450079230","2025-08-06 01:42:35","2025-08-06 01:44:17","Nicht-universitäre Hochschule","","","","","","",,,
"20","2025-08-06 07:48:06","3","de","680192212","2025-08-06 07:42:40","2025-08-06 07:48:06","Universität","Datenbank-basiert","","Ja","Manuell","findings werden auf Basis der IPs konsolidiert und dann via Ticketsystem an die Ansprechpersonen weitergeleitet. Der Status /Abschluss der Bearbeitung wird im Ticket gespeichert.","Im Moment der manuelle Aufwand die IPs zu Services zuzuordnen. Ab Q2-2026 soll die Zuordnung über eine Konstruktion aus Greenbone, KIX18 (incl. CMDB) und Verinive.Veo (tei-)automatisiert erfolgen (Projektstart ist Q3-2025). ","Vielleicht","Vielleicht",""
"21",,"1","de","146334539","2025-08-06 15:05:41","2025-08-06 15:05:44","Nicht-universitäre Hochschule",,,,,,,,,
"22",,"1","de","730525560","2025-08-18 09:38:17","2025-08-18 09:38:21","Universität",,,,,,,,,
"23",,"0","de","222140026","2025-08-18 09:43:51","2025-08-18 09:44:56","Universität","Gar nicht","","Nein","Automatisch","","",,,
"24",,"1","de","1154778313","2025-08-19 05:54:49","2025-08-19 05:55:51","Universität","","","","","","","","",""
"25","2025-08-19 09:07:53","3","de","1996150400","2025-08-19 09:03:32","2025-08-19 09:07:53","Universität","Datenbank-basiert","selbstentwickelt. Aus interner Datenbank mit Ansprechpersonen werden XML Ausschnitte der Schwachstellen an die Ansprechperson verschickt.","Ja","Manuell","Manueller Upload der XML Datei(en) dann automatischer Mail-Versand.","Nicht alle Ansprechpersonen gepflegt.","Vielleicht","Eher ja","Wichig für uns ist vor allem nachvollziehen zu können, seit wann Schwachstellen offen sind oder wann sie geschlossen wurden."
"26","2025-08-25 06:37:12","3","de","939415285","2025-08-25 06:34:06","2025-08-25 06:37:12","Nicht-universitäre Hochschule","Sonstiges","Einträge in der entsprechenden Confluence-Seite ","Ja","Manuell","Weiterleitung per Mail","-","Vielleicht","Vielleicht",""
"27",,"1","de","1195488259","2025-09-02 09:02:33","2025-09-02 09:02:42","Nicht-universitäre Hochschule",,,,,,,,,
"28","2025-09-02 11:17:05","3","de","1251948055","2025-09-02 11:13:00","2025-09-02 11:17:05","Nicht-universitäre Hochschule","Sonstiges","Jede Person im Grundlagenteam Server/Netz hat Schwerpunkte bei der Betreuung.","Ja","Automatisch","Die Scans sind auf Server-/Netzbereiche katagorisiert und werden dann entsprechend den Verantwortlichen zugesandt.","Feedback, ob Maßnahmen zu Beseitigung der Schwachstellen unternommen wurden.","Vielleicht","Eher ja",""
"29","2025-09-02 11:34:13","3","de","369535635","2025-09-02 11:22:48","2025-09-02 11:34:13","Nicht-universitäre Hochschule","Sonstiges","Liste der Zuständigkeiten, für alle Dienste, sind in Microsoft Onenote Notizlisten gepflegt. Über diese Listen sind Zuständigkeitsteams (Gruppen von IT-Verantwortlichen) identifizierbar.","Ja","Manuell","Über E-Mail. Diese gehen direkt an den IT-Verantwortlichen und gleichzeitig an das Ticket System (für Change Management).","","Vielleicht","Auf jeden Fall",""
"30","2025-09-05 08:01:18","3","de","641550456","2025-09-05 07:41:02","2025-09-05 08:01:18","Nicht-universitäre Hochschule","Gar nicht","Die verantwortlichen IT-Ansprechpartner werden auf Basis der Beantragungstickets identifiziert und entsprechend benachrichtigt.","Ja","Manuell","Die Berichte werden den jeweils verantwortlichen Stellen per E-Mail zur Verfügung gestellt.","Liegt keine Ticketbestellung vor, gestaltet sich die Ermittlung des zuständigen Nutzers schwierig und ist nur durch manuelles Nachfragen möglich. ","Vielleicht","Vielleicht",""
